{
  "project_info": {
    "project_number": "825917226444",
    "project_id": "finalchatapp-5e29e",
    "storage_bucket": "finalchatapp-5e29e.firebasestorage.app"
  },
  "client": [
    {
      "client_info": {
        "mobilesdk_app_id": "1:825917226444:android:930f44b9532777c9d77169",
        "android_client_info": {
          "package_name": "com.example.finalchatapp"
        }
      },
      "oauth_client": [],
      "api_key": [
        {
          "current_key": "AIzaSyAaGDJoZ5ff48I2rgNw0i4WqEr29_4lc9s"
        }
      ],
      "services": {
        "appinvite_service": {
          "other_platform_oauth_client": []
        }
      }
    }
  ],
  "configuration_version": "1"
}